Artist ID,Name,Nationality,Gender,Birth Year,Death Year
1,Robert Arneson,American,Male,1930,1992
2,Doroteo Arnaiz,Spanish,Male,1936,
3,Bill Arnold,American,Male,1941,
4,Charles Arnoldi,American,Male,1946,
5,Per Arnoldi,Danish,Male,1941,
6,Danilo Aroldi,Italian,Male,1925,
7,Bill Aron,American,Male,1941,
9,David Aronson,American,Male,1923,
10,Irene Aronson,American,Female,1918,
11,Jean (Hans) Arp,French,Male,1886,1966
12,Jüri Arrak,Estonian,Male,1936,
13,J. Arrelano Fischer,Mexican,Male,1911,1995
15,Folke Arstrom,Swedish,Male,1907,1997
16,Cristobal Arteche,Spanish,Male,1900,1964
18,Artko,,,,
19,Richard Artschwager,American,Male,1923,2013
21,Ruth Asawa,American,Female,1926,2013
22,Isidora Aschheim,Israeli,Female,,
23,Charles Robert Ashbee,British,Male,1863,1942
24,Donald Ashcraft,American,Male,1927,
25,E. M. Ashe,American,Male,1867,1941
26,Göran Åslin,Swedish,,1940,
27,Erik Gunnar Asplund,Swedish,Male,1885,1940
28,Geneviève Asse,French,Female,1923,
30,Sergio Asti,Italian,Male,1926,
31,Dana Atchley,American,Female,1941,2000
32,Atelier Eggers,French,,,
33,A.A.P.,American,,,
34,Alvar Aalto,Finnish,Male,1898,1976
35,Aino Aalto,Finnish,Female,1894,1949
36,Eero Aarnio,Finnish,Male,1932,
37,Jules Aarons,American,Male,1921,2008
38,Magdalena Abakanowicz,Polish,Female,1930,
39,James Abbe,American,Male,1883,1973
40,Jussuff Abbo,British,Male,1888,1953
41,Berenice Abbott,American,Female,1898,1991
42,Nobuya Abe,Japanese,Male,1913,1971
43,Abe Shiro (pen Name: Suichiku),Japanese,Male,1900,
44,Robert Abel,American,Male,1937,
46,Sigmund Abeles,American,Male,1934,
47,Raimund Abraham,American,Male,1933,2010
49,Ivor Abrahams,British,Male,1935,
50,Gerald Abramovitz,British,Male,1928,2011
51,William Ross Abrams,American,Male,1920,2007
52,Rodolfo Abularach,Guatemalan,Male,1933,
53,Vito Acconci,American,Male,1940,
54,Milton Ackoff,American,Male,1915,
55,Norman Ackroyd,British,Male,,
56,Luis Alberto Acuña,Colombian,Male,1904,1994
57,Henri Georges Adam,French,Male,1904,1967
58,Antoine Samuel Adam-Salomon,French,Male,1818,1881
59,Valerio Adami,Italian,Male,1935,
60,Ansel Adams,American,Male,1902,1984
61,Alice Adams,American,Female,1930,
62,Clinton Adams,American,Male,1918,2002
63,Dacres Adams,British,Male,1864,1951
64,Dennis Adams,American,Male,1948,
65,Kenneth M. Adams,American,Male,1897,1966
66,Robert Adams,American,Male,1937,
67,Shelby Lee Adams,American,Female,1950,
68,Charles Addams,American,Male,1912,1988
69,Allan Adler,American,Male,1916,2002
70,Jankel Adler,Polish,Male,1895,1949
71,Virginia Admiral,American,Female,1915,2000
72,Pic Adrian,Romanian,Male,1910,
74,Roy Adzak,British,Male,1927,1987
76,Nicholas Africano,American,Male,1948,
77,Afro (Afro Basaldella),Italian,Male,1912,1976
78,Aftograf,Russian,,,
79,Agam (Yaacov Agam),Israeli,Male,1928,
80,Mehemed Fehmy Agha,American,Male,1896,1978
81,Kathleen Agnoli,American,Female,1945,
82,Peter Agostini,American,Male,1913,1993
83,Olympe Aguado de las Marismas,French,Male,1827,1894
84,Dongkuk S. Ahn,American,Male,1937,2013
85,Aarne Aho,Finnish,Male,1904,1978
86,Otl Aicher (also known as Otto Aicher),German,Male,1922,1991
87,Lucien Aigner,American,Male,1901,1999
88,Gregory Ain,American,Male,1908,1988
89,Edgar Ainsworth,British,Male,1906,1975
91,Roberto Aizenberg,Argentine,Male,1928,1996
92,Kinji Akagawa,Japanese,Male,1940,
93,Ryoji Akiyama,Japanese,Male,1942,
94,Munira Al-Kazi,Kuwaiti,Female,1939,
95,Alastair (Hans H. Voight),German,Male,1887,1969
96,Anni Albers,American,Female,1899,1994
97,Josef Albers,American,Male,1888,1976
98,Beatrice Albert,American,Female,,
99,Joan Albert,American,Female,1943,2012
100,Ivan Le Lorraine Albright,American,Male,1897,1983
101,Album-miscellaneous,Various,,,
103,Albert Alcalay,American,Male,1917,2008
104,L. (Alfred Lewin Copley) Alcopley,American,Male,1910,1992
105,A. Alcorn,American,,,
106,Alan Aldridge,British,Male,1943,
107,Pierre Alechinsky,Belgian,Male,1927,
108,Peter Alexander,American,Male,1939,
111,Carlo Alfano,Italian,Male,,
112,José R. Alicea,American,Male,1928,
113,Leopoldo and Guiseppe Alinari,Italian,,,
114,James Alinder,American,Male,1941,
115,Yves Alix,French,Male,1890,1969
116,Wobbe Alkema,Dutch,Male,1900,1984
117,William Allan,American,Male,1936,
118,Alexander Alland,American,Male,1902,1989
119,Harry Allen,American,Male,1964,
120,Terry Allen,American,Male,1943,
121,Adrian Allinson,British,Male,1890,1959
123,Carlos Alonso,Argentine,Male,1929,
124,Glen Alps,American,Male,1914,1996
126,Henry Altchek,American,Male,1943,
127,Gerhard Altenbourg,German,Male,1926,1989
128,Hobie Alter,American,Male,1933,
129,Harold Altman,American,Male,1924,2003
131,Giacchino Altobelli,Italian,Male,1814,
132,John Altoon,American,Male,1925,1969
135,Manuel Álvarez Bravo,Mexican,Male,1902,2002
136,Dag Alveng,Norwegian,Male,1953,
137,Getulio Alviani,Italian,Male,1939,
138,Edmond-François Aman Jean,French,Male,1858,1936
139,Kunihiro Amano,Japanese,Male,,
140,Jim Amaral,American,Male,1933,
141,Emilio Ambasz,Argentine,Male,1943,
142,M. Ameen,Nationality unknown,,,
143,Irving Amen,American,Male,1918,2011
144,Woody van Amen,Dutch,Male,1936,
145,Gregory Amenoff,American,Male,1948,
148,Florencia de Amesti,Chilean,Female,1925,2006
149,Cuno Amiet,Swiss,Male,1868,1961
150,Francisco Amighetti Ruiz,Costa Rican,Male,1907,1998
152,Ralph Ammirati,American,Male,,
153,Emma Amos,American,Female,1938,
154,Mauricio Amster Cats,Chilean,Male,1907,1980
155,William Anastasi,American,Male,1933,
157,Stephen Ancona,American,Male,1932,
158,Jiþi Anderle,Czech,Male,1936,
159,Gunnar Aagaard Andersen,Danish,Male,1919,1982
160,Karin Schou Andersen,Danish,Female,1953,
161,Clarence William Anderson,American,Male,1891,1971
162,Carl Anderson,American,Male,1903,1989
163,Dennis Anderson,American,Male,1948,
164,Jeremy Anderson,American,Male,1921,1982
165,James Anderson,British,Male,1813,1877
166,Jerry Anderson,American,Male,1938,
167,John Anderson,British,Male,1928,
168,Neil Anderson,American,Male,1933,
169,Paul L. Anderson,American,Male,1880,1956
170,Monika Andersson,Swedish,Female,1957,
172,Joe Andoe,American,Male,1955,
173,Farnese de Andrade-Neto,Brazilian,Male,1926,1996
174,Carl Andre,American,Male,1935,
175,Pat Andrea,Dutch,Male,1942,
176,A. Andreas,French,,,
177,Henning Andreasen,Danish,Male,1923,
178,Laura Andreson,American,Female,1902,1999
179,Mariano Andreù,Spanish,Male,1901,
180,Benny Andrews,American,Male,1930,2006
181,Emmy Andriesse,Dutch,Female,1914,1953
182,Claudia Andujar,American,Female,1931,
183,Manuel Angeles Ortiz,Spanish,Male,1895,1984
184,Ludwig Angerer,Austrian,Male,1827,1879
185,Bruce Angrave,British,Male,,
186,Raúl Anguiano,Mexican,Male,1915,2006
188,Sibyl Anikeef,American,Female,1896,1996
189,James Craig Annan,British,Male,1864,1946
190,Thomas Annan,British,Male,1829,1887
193,David Annesley,British,Male,1936,
194,Horst Antes,German,Male,1936,
195,William Anthony,American,Male,1934,
196,Stephen Antonakos,American,Male,1926,2013
198,Garo Antreasian,American,Male,1922,
199,Nemesio Antúnez,Chilean,Male,1918,1993
200,Richard Anuszkiewicz,American,Male,1930,
201,Aoki Toshio,,,,
202,Carl Apfelschnitt,American,Male,1948,
203,Karel Appel,Dutch,Male,1921,2006
204,Leon Appelbaum,American,Male,,
205,Ida Applebroog,American,Female,1929,
207,Shusaku Arakawa,American,Male,1936,2010
208,Diane Arbus,American,Female,1923,1971
209,Aleksandr Archipenko,American,Male,1887,1964
211,Mordecai Ardon,Israeli,Male,1896,1992
212,Luis Arenal,Mexican,Male,1909,1985
214,Egmont Arens,American,Male,1888,1966
215,Tamotsu Arikawa,Japanese,Male,,
216,Avigdor Arikha,Romanian,Male,1929,2010
217,Gonzalo Ariza,Colombian,Male,1912,1995
218,Alda Maria Armagni,Argentine,Female,,
219,Siah Armajani,American,Male,1939,
220,Arman,American,Male,1928,2005
221,Armando,Dutch,Male,1929,
222,F. Armbruster,Nationality unknown,,,
224,Kenneth Armitage,British,Male,1916,2002
225,John Taylor Arms,American,Male,1887,1953
226,John Armstrong,British,Male,1893,1973
227,François Arnal,French,Male,1924,2012
228,Arndt,German,,1898,1976
229,Eugène Atget,French,Male,1857,1927
230,John Atherton,American,Male,1900,1952
231,Anna Atkins,British,Female,1797,1871
232,Conrad Atkinson,British,Male,1940,
233,Lawrence Atkinson,British,Male,1873,1931
234,Terry Atkinson,British,Male,1939,
235,Jean-Michel Atlan,French,Male,1913,1960
236,Dotty Attie,American,Female,1938,
238,Carl Auböck,Austrian,Male,1924,1993
239,Charles Aubry,French,Male,1811,1877
240,Frank Auerbach,British,Male,1931,
241,Gae Aulenti,Italian,Female,1930,2012
242,Keith James Aulik,Nationality unknown,Male,,
243,George Ault,American,Male,1891,1948
244,Darrel Austin,American,Male,1907,1994
245,Irving Austin,American,Male,,
246,Mario Avati,Italian,Male,1921,2009
247,Edward Avedisian,American,Male,1936,2007
248,Richard Avedon,American,Male,1923,2004
249,Frances Avery,American,Female,1910,2006
250,Milton Avery,American,Male,1885,1965
251,David Avison,American,Male,,
252,Mordechai Avniel,Israeli,Male,,
254,Kiyoshi Awazu,Japanese,Male,1929,2009
255,Ay-O,Japanese,Male,1931,
256,Alice Aycock,American,Female,1946,
257,Pierre Ayot,Canadian,Male,1943,1995
258,Michael Ayrton,British,Male,1921,1975
259,Luis Cruz Azaceta,American,Male,1942,
260,Umetaro Azechi,Japanese,Male,1902,1999
261,Kengiro Azuma,Japanese,Male,1926,
262,Johannes Baader,German,Male,1875,1955
263,Johannes Theodor Baargeld (Alfred Emanuel Ferdinand Gruenwald),German,Male,1892,1927
264,Kurt W. Baasch,American,Male,1891,1964
265,Alice Baber,American,Female,1928,1982
266,Bacard Fils,French,Male,,
268,Edmondo Bacci,Italian,Male,1913,1978
269,Elvira Bach,German,Female,1951,
270,Olof Backman,Swedish,Male,1899,
271,Olof Backstrom,Finnish,Male,1922,
272,Francis Bacon,British,Male,1909,1992
273,Peggy Bacon,American,Female,1895,1987
275,Karl Baden,American,Male,1952,
276,Mowry Thatcher Baden,American,Male,1936,
277,Aquiles Badi,Argentine,Male,1894,1976
278,Libero Badii,Argentine,Male,1916,2001
279,Frank Badur,German,Male,1944,
280,Donald Baechler,American,Male,1956,
281,Jo Baer,American,Female,1929,
282,Martin Baer,American,Male,1894,1961
283,Olle Baertling,Swedish,Male,1911,1981
284,Myrna Báez,American,Female,1931,
285,John Bageris,American,Male,1924,2000
286,Heinz Bahr,German,Male,1934,
287,Malcolm Bailey,American,Male,1947,2011
288,Oscar Bailey,American,Male,1925,
289,William Bailey,American,Male,1930,
290,Larry Bair,American,Male,1952,1990
291,Eugenie Baizerman,American,Female,1899,1949
292,Enrico Baj,Italian,Male,1924,2003
293,E. Bakalowitz Söhne,Austrian,,1845,
294,Carl Baker,American,Male,,
296,Mikal Baker,American,Male,1946,
298,Vagrich Bakhchanyan,Russian,Male,1938,2009
299,Gerhard H. Bakker,American,Male,,
300,Léon Bakst,Russian,Male,1866,1924
301,Gerard Baksteen,Dutch,Male,1887,1976
302,Amèrico Balán,Argentine,Male,1915,1986
303,Jirí Balcar,Czech,Male,1929,1968
304,John Baldessari,American,Male,1931,
305,George Baldessin,Australian,Male,1939,1978
307,C. Leroy Baldridge,American,Male,1889,1975
308,Édouard-Denis Baldus,French,Male,1813,1882
309,Benjamin Baldwin,American,Male,1913,1993
310,Joost Baljeu,Dutch,Male,1925,1991
311,Giacomo Balla,Italian,Male,1871,1958
313,R. Maxil Ballinger,American,Male,1914,1958
314,Theo H. Ballmer,Swiss,Male,1902,1965
315,Alexander Bally,American,Male,1938,
316,John F. Balossi,American,Male,1931,2007
317,Balthus (Baltusz Klossowski de Rola),French,Male,1908,2001
318,Lewis Baltz,American,Male,1945,2014
319,Thomas Bamberger,American,Male,1948,
320,McDonald (Mackey Jeffries) Bane,American,Female,1928,
321,Colette Bangert,American,Female,1934,
322,Walter Darby Bannard,American,Male,1934,2016
323,John Banting,British,Male,1902,1972
324,Rudolf Baranik,American,Male,1920,1998
325,Vladimir Baranoff-Rossiné,Ukrainian,Male,1888,1944
327,Anthony Barboza,American,Male,1944,
329,Miquel Barcelo,Spanish,Male,1957,
330,Peter Bardazzi,American,Male,1943,
331,J. Baric,French,Male,1825,1905
332,Richard Baringer,American,Male,1921,1980
333,George Barker,Australian,Male,1942,
334,Walter William Barker,American,Male,1921,2004
335,Ernst Barlach,German,Male,1870,1938
336,George Barnard,American,Male,1819,1902
337,Cyril H. Barnes,American,Male,,
338,Matthew Rackham Barnes,American,Male,1880,1951
339,Robert Barnes,American,Male,1934,
342,Will Barnet,American,Male,1911,2012
343,Tina Barney,American,Female,1945,
344,Hannelore Baron,American,Female,1926,1987
345,Martin Barooshian,American,Male,1929,
347,Steve Barraclough,British,Male,,
348,Maurice Barraud,Swiss,Male,1889,1955
349,Susan Barron,American,Female,1947,
350,Thomas F. Barrow,American,Male,1938,
351,D. F. Barry,American,Male,1854,1934
352,Robert Barry,American,Male,1936,
353,Robert Bart,American,Male,1923,
354,Frances Barth,American,Female,1946,
355,Ruodi Barth,Swiss,Male,1921,1999
356,"Ralph Bartholomew, Jr.",American,Male,1907,1985
357,Jennifer Bartlett,American,Female,1941,
358,Robert Bartlett,British,Male,1922,1979
359,Carlo Bartoli,Italian,Male,1931,
360,Luigi Bartolini,Italian,Male,1892,1963
361,Joseph Bartscherer,American,Male,1954,
362,Gianfranco Baruchello,Italian,Male,1924,
363,Héctor Basaldua,Argentine,Male,1895,1976
364,Bernard Baschet,French,Male,1917,2015
365,François Baschet,French,Male,1920,2014
366,Georg Baselitz,German,Male,1938,
368,Mati Basis,Israeli,Male,1933,
369,Leonard Baskin,American,Male,1922,2000
370,Jean-Michel Basquiat,American,Male,1960,1988
371,Joel Bass,American,Male,1943,
372,Saul Bass,American,Male,1920,1996
373,Giampiero Bassi,Italian,,1926,
374,Miriam Bat-Yosef,German,Female,1931,
377,Josef Bato,Hungarian,Male,1888,1966
378,John Battan,American,Male,1943,1976
379,Wall Batterton,British,Male,1932,
380,Dora M. Batty,British,Female,1900,1966
381,Eugen Batz,German,Male,1905,1986
382,"Harry W. Batz, Jr.",American,Male,,
383,André Bauchant,French,Male,1873,1958
384,Karl Bauer,German,Male,1868,1942
385,Rudolph Bauer,American,Male,1889,1954
386,Mary Bauermeister,American,Female,1934,
387,Bauhaus,German,,,
388,Marilyn Baum,American,Female,1939,
390,Hans Theo Baumann,German,Male,1924,
391,Otto Baumberger,Swiss,Male,1889,1961
392,Willi Baumeister,German,Male,1889,1955
393,Lothar Baumgarten,German,Male,1944,
395,Edward Bawden,British,Male,1903,1989
396,Glen Baxter,British,Male,,
397,Iain Baxter&,Canadian,Male,1936,
398,Hippolyte Bayard,French,Male,1801,1887
399,Herbert Bayer,American,Male,1900,1985
401,Ed Baynard,American,Male,1940,
402,Thomas Bayrle,German,Male,1937,
403,Douglas Baz,American,Male,1943,
404,Jean Bazaine,French,Male,1904,2001
405,Castera Bazile,Haitian,Male,1923,1966
406,William Baziotes,American,Male,1912,1963
407,Gifford Beal,American,Male,1879,1956
408,Jack Beal,American,Male,1931,2013
409,Lester Beall,American,Male,1903,1969
411,Mark Beard,American,Male,1956,
412,Romare Bearden,American,Male,1911,1988
413,Aubrey Beardsley,British,Male,1872,1898
414,Bruce Beasley,American,Male,1939,
415,Beath,British,,1913,1991
416,Felice Beato,Italian,Male,1825,1903
417,Cecil Beaton,British,Male,1904,1980
418,Leslie Beaton,American,Female,,
419,Robert Beauchamp,American,Male,1923,1995
420,André Beaudin,French,Male,1895,1975
421,Alessandro Becchi,Italian,Male,1946,
422,Bernd Becher,German,Male,1931,2007
423,Thelma Becherer,American,Female,1916,2008
424,Robert Bechtle,American,Male,1932,
425,Gustav K. Beck,Austrian,Male,1902,1983
426,A. Becker,German,,,
427,Fred Becker,American,Male,1913,2004
428,Bill Beckley,American,Male,1946,
429,Max Beckmann,German,Male,1884,1950
430,Francis Bedford,British,Male,1816,1894
431,René Beeh,German,Male,1886,1922
432,Jan Bontjes van Beek,German,Male,1899,1969
433,Chris Hendrik Beekman,Dutch,Male,1887,1964
434,Max Beerbohm,British,Male,1872,1956
436,Hedda Beese,German,Female,1944,
437,"Beggarstaffs (James Pryde, Scottish 1866-1941 & William Nicholson, British 1872-1949)",British,,1866,1949
438,Peter Behrens,German,Male,1868,1940
439,Edith Behring,Brazilian,Female,1916,1996
440,John Behringer,American,Male,1939,
441,J. J. Beljon,Dutch,Male,1922,2002
442,Alistair Macready Bell,Canadian,Male,1913,1997
443,Charles M. Bell,American,Male,1848,1893
444,Larry Bell,American,Male,1939,
445,Vanessa Bell,British,Female,1879,1961
446,William H. Bell,American,Male,1830,1910
447,Ross Bellah,American,Male,1907,2004
448,Joseph Bellanca,American,Male,1930,
449,John Bellany,British,Male,1942,2013
450,Rudolf Belling,German,Male,1886,1972
451,Mario Bellini,Italian,Male,1935,
452,Hans Bellmer,German,Male,1902,1975
453,Ernest J. Bellocq,American,Male,1873,1949
455,George Bellows,American,Male,1882,1925
456,Rossella Bellusci,Italian,Female,1947,
457,Giandomenico Belotti,Italian,Male,1922,
458,Christian Belpaire,Congolese,Male,1949,
459,Antoli Pawlowitsch Belski,Russian,Male,1896,1971
461,David Ben Shaul,Israeli,Male,,
462,Ahron Ben-Shmuel,American,Male,1903,1984
463,Ben-Zion,American,Male,1897,1987
464,Adolf Benca,American,Male,1959,
465,W. T. Benda,American,Male,1873,1948
466,C. Whitney Bender,American,,1929,
467,Niels Sylvester Bendtsen,Danish,Male,1943,
468,Nair Benedicto,Brazilian,Female,1940,
469,Luis Fernando Benedit,Argentine,Male,1937,2011
470,G. A. Beneker,American,Male,1882,1934
471,Lynda Benglis,American,Female,1941,
472,Billy Al Bengston,American,Male,1934,
473,Jim Bengston,American,Male,1942,
474,Anthony Benjamin,British,Male,,
475,Gordon Bennett,American,Male,1933,2012
476,Henry Hamilton Bennett,American,Male,1843,1908
478,Ward Bennett,American,Male,1917,2003
479,Alexander Benois,Russian,Male,1870,1960
481,David Bentley,American,Male,1938,
482,Nicholas Bentley,British,Male,1907,1978
483,Thomas Hart Benton,American,Male,1889,1975
484,Roloff Beny,Canadian,Male,1924,1984
485,Etienne (Istvan) Béothy,Hungarian,Male,1897,1962
486,Christian Bérard,French,Male,1902,1949
487,Roberto Berdecio,Bolivian,Male,1913,1996
488,Vera Berdich,American,Female,1915,2003
489,Ed Bereal,American,Male,1937,
490,Stephen Lynn Berens,American,Male,1952,
491,Berger (?),British,,1938,
492,Charles Berger,American,Male,1943,
493,Jason Berger,American,Male,1924,2010
495,Hagbard Elis Bergh,Swedish,Male,1881,1954
496,Håkan Bergkvist,Swedish,Male,1946,
497,Ella Bergmann-Michel,German,Female,1896,1971
498,Paul Bergtold,Nationality unknown,Male,,
501,Henryk Berlewi,Polish,Male,1894,1967
502,Eugene Berman,American,Male,1899,1972
503,Mieczyslaw Berman,Polish,Male,1903,1975
504,Sarah Berman,American,Female,1895,1957
505,Wallace Berman,American,Male,1926,1976
506,Zeke Berman,American,Male,1951,
507,Cundo Bermúdez,Cuban,Male,1914,2008
508,José Ygnacio Bermudez,Cuban,Male,1922,1988
509,Thoni Bern,Swiss,,,
510,Camille Bernabé,French,Male,1808,1900
511,Émile Bernard,French,Male,1868,1941
512,Francis Bernard,French,Male,1900,1979
513,Valère Bernard,French,Male,1860,1936
514,Jerry Berndt,American,Male,1943,2013
515,Lucian Bernhard,American,Male,1883,1972
516,Ruth Bernhard,American,Female,1905,2006
517,Antonio Berni,Argentine,Male,1905,1981
518,Janez Bernik,Yugoslav,Male,1933,
519,Judith Bernstein,American,Female,1942,
520,Richard Bernstein,American,Male,1939,2002
521,Jean Berque,French,Male,1896,1954
522,Miguel Ortiz Berrocal,Spanish,Male,1933,2006
523,Bertall & Cie.,French,,,
524,M. Berthaud,French,,,
525,Palme Berthold,,,,
526,Berthold-Mahn (Charles Désiré),French,Male,1893,1975
527,René Bertholo,Portuguese,Male,1935,2005
528,Paul Berthon,French,Male,1872,1909
529,Jake Berthot,American,Male,1939,2014
530,Gianni Bertini,Italian,Male,1922,
531,Harry Bertoia,American,Male,1915,1978
532,Emilio Bertonati,Italian,Male,,
533,Albert Besnard,French,Male,1849,1934
534,Forrest Bess,American,Male,1911,1977
535,Ruth Bessoudo Courvoisier,Brazilian,Female,,
536,Alan Randall Best,Canadian,Male,1958,
537,William Betsch,American,Male,,
538,Pierre Betz,French,Male,1899,1969
539,Wim Beuning,Dutch,Male,1914,1986
540,Joseph Beuys,German,Male,1921,1986
541,Art Bevacqua,Nationality unknown,Male,,
542,Thomas Bewick,British,Male,1753,1828
544,Jyoti Bhatt,Indian,Male,1934,
545,Domenico Bianchi,Italian,Male,1955,
546,Pamela Bianco,American,Female,1906,1994
547,Fulvio Bianconi,Italian,Male,1915,1996
548,Carl Bianga,German,Male,,
549,Alberto Biasi,Italian,Male,1937,
550,Guido Biasi,Italian,Male,1933,
551,Ashley Bickerton,British,Male,1959,
553,George Biddle,American,Male,1885,1973
554,Charles Biederman,American,Male,1906,2004
555,James Biederman,American,Male,1947,
556,Aenne Biermann,German,Female,1898,1933
557,Wilson Bigaud,Haitian,Male,1931,2010
559,Max Bill,Swiss,Male,1908,1994
560,Joseph Binder,American,Male,1898,1972
561,Ilse Bing,American,Female,1899,1998
562,Robert J. Bingham,British,Male,1824,1870
563,Manfred Bingler,Swiss,Male,1928,
564,Peter Birkhauser,Swiss,Male,1911,1976
565,Robert Birmelin,American,Male,1933,
566,Werner Bischof,Swiss,Male,1916,1954
567,Elmer Bischoff,American,Male,1916,1991
568,Isabel Bishop,American,Female,1902,1988
569,James Bishop,American,Male,1927,
570,Michael Bishop,American,Male,1946,
571,Maureen Bisilliat,American,Female,1931,
572,Antonio Bisquert Pérez,Spanish,Male,1906,1990
573,Julius Bissier,German,Male,1893,1965
574,Roger Bissière,French,Male,1888,1964
575,George Bissill,British,Male,1896,1973
576,Auguste Rosalie Bisson,French,Male,1826,1900
577,Louis-Auguste Bisson,French,Male,1814,1876
578,Arnold Bittleman,American,Male,1933,1985
579,Dolores Dembus Bittleman,American,Female,1931,
580,Ion Bitzan,Romanian,Male,1924,1997
581,Judith Black,American,Female,1945,
582,James Wallace Black,American,Male,1825,1896
583,Roman Black,Nationality unknown,Male,,
584,Wendell Black,American,Male,1919,1972
585,Elizabeth Blackadder,British,Female,1931,
586,Morris Blackburn,American,Male,1902,1979
587,Tom Blackwell,American,Male,1938,
588,Ronald Bladen,American,Male,1918,1988
589,Nell Blaine,American,Female,1922,1996
590,Jean-Charles Blais,French,Male,1956,
591,Jeffrey Blake,American,Male,1954,
592,Peter Blake,British,Male,1932,
594,Werner Blaser,Swiss,Male,1924,
595,Edwin Howland Blashfield,American,Male,1848,1936
596,Arbit Blatas,American,Male,1908,1999
597,Ross Bleckner,American,Male,1949,
599,René Bleibtreu,French,Male,1920,
601,Blessum,Nationality unknown,,,
602,André Bloc,Nationality unknown,Male,1896,1966
603,Albert Bloch,American,Male,1882,1961
604,Julius Thiengen Bloch,American,Male,1888,1966
605,Pierrette Bloch,French,Female,1928,
606,Clarence Lincoln Block,Nationality unknown,Male,,
607,Gay Block,American,Female,1942,
608,Barbara Bloom,American,Female,1951,
609,Hyman Bloom,American,Male,1913,2009
610,Vern Blosum,American,Male,1936,
611,Sandra Blow,British,Female,1925,2006
612,Oscar Bluemner,American,Male,1867,1938
613,Norman Bluhm,American,Male,1920,1999
614,Donald Blumberg,American,Male,1935,
615,Anna Blume,German,Female,1937,
616,Bernhard Blume,German,Male,1937,2011
617,Peter Blume,American,Male,1906,1992
618,Erwin Blumenfeld,German,Male,1897,1969
622,Instituto Lina Bo e Pietro Maria Bardi,Brazilian,Female,1914,1992
623,Marcello Boccacci,Italian,Male,1914,1996
624,Umberto Boccioni,Italian,Male,1882,1916
625,Mel Bochner,American,Male,1940,
626,Bengt Böckman,Swedish,Male,1936,
627,Peter Bodner,Nationality unknown,Male,,
630,Alighiero Boetti,Italian,Male,1940,1994
631,Marinus Boezem,Dutch,Male,1934,
632,Ricardo Bofill,Spanish,Male,1939,
633,Arthur Emil Bofinger,Swiss,Male,1909,
634,Jóhanna Boga,Icelandic,Female,,
635,Varujan Boghosian,American,Male,1926,
636,Theodor Bogler,German,Male,1897,1968
637,Alexander Bogomazov,Russian,Male,1880,1930
638,Blythe Bohnen,American,Female,1940,
639,Olaf von Bohr,Austrian,Male,1927,
640,Karl Bohrmann,German,Male,1928,1998
641,Bruce Boice,American,Male,1941,
642,Charles Boily,French,Male,,
643,Boissonas,Swiss,,,
644,Richard Boix,Spanish,Male,1894,1949
645,Jakob (Jack) Friedrich Bollschweiler,German,Male,1888,1938
646,Roger Bolomey,American,Male,1918,
647,Jay Bolotin,American,Male,1949,
648,Ilya Bolotowsky,American,Male,1907,1981
649,Christian Boltanski,French,Male,1944,
650,Michael Bolus,British,Male,1934,2013
651,David Bomberg,British,Male,1890,1957
652,Camille Bombois,French,Male,1883,1970
653,Giorgio Bompadre,Italian,Male,,
654,Bona,Italian,Female,1926,
655,Claus Bonderup,Danish,Male,1943,
656,Emile Bondonneau,French,Male,,
657,Muirhead Bone,British,Male,1876,1953
658,Antonio Bonet,Spanish,Male,1913,1989
659,Rodolfo Bonetto,Italian,Male,1929,1991
660,Marcelo Bonevardi,Argentine,Male,1929,1994
661,Felix Bonfils,French,Male,1831,1885
662,Dusti Bongé,American,Female,1903,1993
664,Paolo Boni,Italian,Male,1926,
665,Pierre Bonnard,French,Male,1867,1947
666,William Bonnell,American,Male,,
668,Maria Bonomi,Brazilian,Female,1935,
669,Robert Bononno,American,Male,,
670,Lee Bontecou,American,Female,1931,
671,Fabio Bonzi,Italian,Male,1943,
673,Peter Booth,Australian,Male,1940,
674,Osvaldo Borda,Argentine,Male,1929,
675,Enrico Bordoni,Italian,Male,1904,1969
676,Paul-Émile Borduas,Canadian,Male,1905,1960
677,Wendela Boreel,British,Female,,
678,Francisco Borès,Spanish,Male,1898,1972
682,Jonathan Borofsky,American,Male,1942,
684,Arnold von Borsig,German,Male,,
685,Elena Borstein,American,Female,1946,
686,Sándor (Alexander) Bortnyik,Hungarian,Male,1893,1976
687,Fritz Boscovits,Swiss,Male,1871,1965
688,Derek Boshier,British,Male,1937,
689,Richard Bosman,Australian,Male,1944,
690,Michael P. Bosniak,American,Male,,
691,Rodolphe-Théophile Bosshard,Swiss,Male,1889,1960
692,Check  Boterf,American,Male,1934,
693,Fernando Botero,Colombian,Male,1932,
694,Dorr Bothwell,American,Female,1902,2000
696,Mario Botta,Swiss,Male,1943,
697,Kenneth J. Botto,American,Male,1937,
698,Édouard Boubat,French,Male,1923,1999
699,René Robert Bouché,American,Male,1905,1963
700,Jean Boucher,French,Male,,
701,Alice Boughton,American,Female,1865,1943
702,Bouillon,French,,,
703,Firmin Bouisset,French,Male,1859,1925
704,Bart Boumans,Dutch,Male,,
705,Christine Boumeester,Dutch,Female,1904,1971
706,Louis Bouquet,French,Male,1885,1952
707,Harry Bouras,American,Male,1931,1993
708,Émile-Antoine Bourdelle,French,Male,1861,1929
709,Jouineau Bourduge,French,,,
710,Louise Bourgeois,American,Female,1911,2010
711,Fergus Bourke,Irish,Male,1934,2004
712,Margaret Bourke-White,American,Female,1904,1971
713,Samuel Bourne,British,Male,1834,1912
714,J. Bouski,Polish,,,
715,Jean-Louis Boussingault,French,Male,1883,1943
716,Henri Boutet,French,Male,1851,1919
717,Boutrou,French,,,
718,Lynn Bowers,American,Male,1932,
719,Frank Bowling,Guyanese,Male,1936,
720,Stanley Boxer,American,Male,1926,2000
721,Fiske Boyd,American,Male,1895,1975
722,Fionnuala Boyd,British,Female,1944,
723,James Henderson Boyd,Canadian,Male,1928,2002
724,Mark Boyle,British,Male,1934,
725,James Boynton,American,Male,1928,2010
726,Paul Brach,American,Male,1924,2007
727,Angel Bracho,Mexican,Male,1911,2005
728,M. Leone Bracker,American,Male,1885,1937
729,Su Braden,British,Female,1940,
730,Martin Bradley,British,Male,,
731,Paul Bradley,American,Male,1960,
732,William Bradley,American,Male,1868,1962
733,Dove Bradshaw,American,Male,1949,
734,Mathew B. Brady (studio of),American,Male,1823,1896
736,Joe Brainard,American,Male,1942,1994
737,Emile Branchard,American,Male,1881,1938
738,Constantin Brancusi,French,Male,1876,1957
739,Hans Brand,German,Male,,
740,Bill Brandt,British,Male,1904,1983
741,Marianne Brandt,German,Female,1893,1983
742,Robert Brandwein,American,Male,1933,1972
743,Frank Brangwyn,British,Male,1867,1956
744,Georges Braque,French,Male,1882,1963
745,Brassaï (Gyula Halász),French,Male,1899,1984
746,John Randall Bratby,British,Male,1928,1992
747,Pieter Brattinga,Dutch,Male,1931,
749,Adolphe Braun,French,Male,1812,1877
750,Braun et Compagnie,French,Male,,
751,Victor Brauner,Romanian,Male,1903,1966
752,Troy Brauntuch,American,Male,1954,
753,Claudio Bravo,Chilean,Male,1936,2011
755,Stipe Brcic,Yugoslav,Male,1948,
756,George Brecht,American,Male,1926,2008
757,Charles H. Breed,American,Male,1876,1950
758,Robert Breer,American,Male,1926,2011
759,Carl-Arne Breger,Swedish,Male,1923,
760,KP Brehmer,German,Male,1938,1997
761,Raymond Breinin,American,Male,1910,2000
762,Joseph Breitenbach,American,Male,1896,1984
763,Bjorn G. Breitholtz,Swedish,Male,,
764,Uwe Bremer,German,Male,1940,
766,Miguel Bresciano,Uruguayan,Male,1937,1979
767,Rodolphe Bresdin,French,Male,1822,1885
768,André Breton,French,Male,1896,1966
769,Marcel Breuer,American,Male,1902,1981
771,William Brice,American,Male,1921,2008
772,Charles D. Briddell,American,Male,,
773,Marilyn Bridges,American,Female,1948,
774,Barry Bridgwood,American,Male,1957,
775,G. Stanislaus Brien,British,,,
776,Judson Briggs,American,Male,1906,
777,Anne W. Brigman,American,Female,1869,1950
778,Serge Brignoni,Swiss,Male,1903,2002
779,Denis Brihat,French,Male,1928,
780,Enrique Brinkmann,Spanish,Male,1938,
781,Horace Bristol,American,Male,1908,1997
782,L. N. Britton,American,,1858,1934
783,René Brô,French,Male,1930,1987
784,John Brockman,American,Male,1941,
785,Gottfried Brockmann,German,Male,1903,1983
787,Gandy Brodie,American,Male,1925,1975
788,Alexey Brodovitch,American,Male,1898,1971
789,Alexander Brodsky,Russian,Male,,
790,Jürgen Brodwolf,Swiss,Male,1932,
791,Stephen Brody,American,Male,1926,
792,Horace Brodzky,American,Male,1885,1969
793,Stig Brøgger,Danish,Male,1941,
794,Robert Broner,American,Male,1922,2010
795,Marcel Broodthaers,Belgian,Male,1924,1976
796,Alexander Brook,American,Male,1898,1980
797,John Brook,American,Male,1924,
798,James Brooks,American,Male,1906,1992
799,Milton Brooks,American,Male,1901,1956
800,Wendell Brooks,American,Male,1939,
801,Harry Brorby,American,Male,1927,2012
802,Joan Brossa,Spanish,Male,1919,1998
803,Gary Stephen Brotmeyer,American,Male,1946,
804,Arthur William Brown,American,Male,1881,1966
805,Gustav A. Brown,American,Male,1908,
806,James Brown,American,Male,1951,
807,Joan Brown,American,Female,1938,1990
808,Kathan Brown,American,Female,1935,
809,Margaret DeM Brown,American,Female,,
810,Ray Brown,American,Male,1933,
811,Roger Brown,American,Male,1941,1997
812,William Brown,American,Male,,
814,Byron Browne,American,Male,1907,1961
815,Colleen Browning,American,Female,1923,
816,Robert Brownjohn,American,Male,1925,1970
817,Kenneth Brozen,American,Male,1927,1989
818,Roser Llop Bru,Chilean,Female,1923,
819,Salvador Bru,Chilean,Male,1923,
820,Jon O. Brubaker,American,Male,1875,1953
821,Patrick Henry Bruce,American,Male,1881,1936
822,Anton Bruehl,American,Male,1900,1982
824,Francis Bruguière,American,Male,1879,1945
825,Paul Brühwiler,Swiss,Male,1939,
826,William Brui,Israeli,Male,1946,
827,Brumhoff,Nationality unknown,,,
828,Donald Brun,Swiss,Male,1909,1999
829,Peter Brüning,German,Male,1929,1970
830,Robert Brunner,American,Male,1958,
831,Albin Brunovsky,Slovak,Male,,
832,Norman Bruns,American,Male,1921,2005
833,Günter Brus,Austrian,Male,1938,
834,Grisha Bruskin,Russian,Male,1945,
835,Wim Brusse,Dutch,Male,1910,1978
836,William Bryant,American,Male,1946,
837,Camille Bryen,French,Female,1907,1976
838,Tadeusz Brzozowski,Polish,Male,1918,1987
839,Gernot Bubenik,German,Male,1942,
840,Boris Bućan,Croatian,Male,1947,
841,Erich Buchegger,Austrian,Male,1924,
842,Gustave Buchet,Swiss,Male,1888,1963
843,Carl Buchheister,German,Male,1890,1964
844,Erich Buchholz,German,Male,1891,1972
845,John Buck,American,Male,1946,
846,Peer Bücking,German,,1906,1940
847,John Buckland-Wright,British,Male,1897,1954
848,Peter H. Buckley,American,Male,1925,1991
849,Stephen Buckley,British,Male,,
850,David Budd,American,Male,1927,1991
851,Dan Budnik,American,Male,1933,
852,Budry,Greek,,,
853,Eugene Buechel,American,Male,1874,1954
854,Alice Standish Buell,American,Female,1892,1964
855,Bernard Buffet,French,Male,1928,1999
856,Fritz Bühler,Swiss,Male,1909,1963
857,Felix Buhot,French,Male,1847,1898
858,Adam Bujak,Polish,Male,1940,
860,John G. Bullock,American,Male,1854,1939
861,Wynn Bullock,American,Male,1902,1975
862,Torun Bülow-Hübe,Swedish,Female,1929,
863,Louis Bunce,American,Male,1907,1983
864,Willi Bunkowski,German,Male,1949,
865,Édouard-Wilfred Buquet,French,Male,1866,
866,Pierre Buraglio,French,Male,1939,
867,Pablo Burchard,Chilean,Male,1875,1964
869,Max Burchartz,German,Male,1887,1961
870,Charles Burchfield,American,Male,1893,1967
871,Chris Burden,American,Male,1946,2015
873,Daniel Buren,French,Male,1938,
874,Bill Burke,American,Male,1943,
875,Burkhard,Swiss,,,
876,Paul Burlin,American,Male,1886,1969
877,David Burliuk,Ukrainian,Male,1882,1967
878,Ian Burn,Australian,Male,1939,1993
879,Edward Burne-Jones,British,Male,1833,1898
880,Deirdre Burnett,British,Female,1939,
881,Joseph Burnett,American,Male,1923,
882,Marsha Burns,American,Female,1945,
883,Edward Burra,British,Male,1905,1976
884,Alberto Burri,Italian,Male,1915,1995
885,René Burri,Swiss,Male,1933,2014
886,Larry Burrows,British,Male,1926,1971
888,Richmond Burton,American,Male,1960,
889,Scott Burton,American,Male,1939,1989
890,Pol Bury,Belgian,Male,1922,2005
892,Andrew Foster Bush,American,Male,1956,
893,Jack Bush,Canadian,Male,1909,1977
894,Wolf von dem Bussche,American,Male,1934,2014
895,Solomon D. Butcher,American,Male,1856,1927
898,Frances Butler,American,Female,1940,
899,Horacio A. Butler,Argentine,Male,1897,1983
900,Reg Butler,British,Male,1913,1983
901,Elizabeth Butterworth,British,Female,1949,
902,James Lee Byars,American,Male,1932,1997
903,Michael Byron,American,Male,1954,
904,C.N. and Company,British,,,
905,Roland Cabot,Brazilian,Male,,
906,Luigi Caccia Dominioni,Italian,Male,1913,
907,Cadavre Exquis,French,,,
908,John Cadenhead,American,Male,1937,
909,Paul Cadmus,American,Male,1904,1999
910,Poul Cadovius,Danish,Male,1911,
911,Deborah Fleming Caffery,American,Female,1948,
912,John Cage,American,Male,1912,1992
913,Corrado Cagli,American,Male,1910,1976
914,Miriam Cahn,Swiss,Female,1949,
915,Marcelle Cahn,French,Female,1895,1981
916,Fred Cain,American,Male,1938,
917,José Milner Cajahuaringa,Peruvian,Male,1932,
918,Charles Cajori,American,Male,1921,
919,Letterio Calapai,American,Male,1902,1993
920,Nicolas Calas,American,Male,1907,
921,Lawrence Calcagno,American,Male,1916,1993
922,Alexander Calder,American,Male,1898,1976
923,Dale R. Caldwell,American,Male,1929,
924,Harry Callahan,American,Male,1912,1999
925,Kenneth Callahan,American,Male,1905,1986
926,Mary Callery,American,Female,1903,1977
927,Edwin Calligan,British,Male,,
928,Jo Ann Callis,American,Female,1940,
931,"P. E. Camerer, St. Paul, MN",American,,,
932,Julia Margaret Cameron,British,Female,1815,1879
933,Julio Camino Sanchez,Peruvian,Male,1919,2007
934,Luis Camnitzer,Uruguayan,Male,1937,
935,Charles Camoin,French,Male,1879,1965
937,Nickie Campbell,American,,1962,
938,Jewett Campbell,American,Male,1912,1999
939,Steven Campbell,British,Male,1954,
940,Heinrich Campendonk,German,Male,1889,1957
941,Antonia Campi,Italian,Female,1921,
942,Massimo Campigli,Italian,Male,1895,1971
944,Peter Campus,American,Male,1937,
945,Vincent Canadé,American,Male,1879,1961
946,Cañavate,Spanish,Male,1902,1987
947,John Candelario,American,Male,1916,
948,Louis Cane,French,Male,1943,
949,Giacomo Caneva,Italian,Male,1810,1890
950,Johannes Canis,German,Male,1895,1977
952,Rafael Canogar,Spanish,Male,1935,
953,Domenico Cantatore,Italian,Male,1906,1998
954,Federico Cantú,Mexican,Male,,
955,Cornell Capa,American,Male,1918,2008
956,Robert Capa,American,Male,1913,1954
957,Bruno Capacci,Italian,Male,1906,
958,Josef Capek,Czech,Male,1887,1945
959,Alfred Capel-Cure,British,Male,1826,1896
960,Giuseppe Capogrossi,Italian,Male,1900,1972
961,Paul Caponigro,American,Male,1932,
962,Leonetto Cappiello,French,Male,1875,1942
963,Luis B. Caputo Demarco,Argentine,Male,1899,1994
964,Aida Carballo,Argentine,Female,,
965,Miguel-Ángel Cárdenas,Dutch,Male,1934,2015
966,Augustin Càrdenas,Cuban,Male,1927,2001
967,Santiago Cárdenas,Colombian,Male,1937,
968,Emil Cardinaux,Swiss,Male,1877,1936
969,José Bernardo Cardoso Jr.,Brazilian,Male,1861,1947
970,Etienne Carjat,French,Male,1829,1906
972,Arthur B. Carles,American,Male,1882,1952
973,C. Carleton,American,,,
974,Marie Carlier,French,Female,1920,1986
975,Charles W. Carlson,American,Male,,
976,Richard Carlson,Australian,Male,1941,
977,Jean Carlu,French,Male,1900,1997
978,Natacha Carlu,Nationality unknown,Female,,
980,Eugenio Carmi,Italian,Male,1920,
981,John William Carnell,American,Male,1952,
982,Anthony Caro,British,Male,1924,2013
983,Carol,Cuban,,,
984,Paolo Carosone,Italian,Male,,
985,Carpenter,British,,,
986,William L. Carqueville,American,Male,1871,1946
987,Carlo Carrà,Italian,Male,1881,1966
988,Mario Carreño,Chilean,Male,1913,1999
989,Clara Carrié,Argentine,Female,,
990,Eugène Carrière,French,Male,1849,1906
991,Mario Carrieri,Italian,Male,1932,
993,Leonora Carrington,British,Female,1917,2011
994,John Carroll,American,Male,1892,1959
996,Patricia Jon Carroll,American,Female,1942,
998,Clarence H. Carter,American,Male,1904,2000
999,Paul Carter,American,Male,1903,1938
1000,Henri Cartier-Bresson,French,Male,1908,2004